ts,tenant,app,bw_mbps,rtt_ms,loss,device_cpu,edge_cpu,input_kb,slo_p95_ms,action,obs_latency_ms,obs_energy_j
1760888114,tenantA,app1,35.0,22.0,0.01,0.4,0.2,128.0,150.0,edge1:med,132.0,2.3
1760892299,tenantA,app1,25.0,18.0,0.005,0.35,0.25,96.0,150.0,edge1:med,128.0,2.1
1760892305,tenantA,app1,25.0,18.0,0.005,0.35,0.25,96.0,150.0,edge1:med,128.0,2.1
1760894278,tenantA,app1,25.0,18.0,0.005,0.35,0.25,96.0,150.0,edge1:med,128.0,2.1
1760894803,tenantA,app1,40.0,25.0,0.002,0.4,0.25,128.0,150.0,edge1:med,120.0,2.0
2025-10-20T21:28:58.115356,tenantA,app1,20.0,40.0,0.0,0.35,0.8,0.5,256.0,120.0,edge1:low,,,,
2025-10-20T21:28:58.120457,tenantA,app1,20.0,40.0,0.0,0.35,0.8,0.5,256.0,120.0,edge1:low,,,,
2025-10-20T21:28:58.120970,tenantA,app1,20.0,40.0,0.0,0.35,0.8,0.5,256.0,120.0,edge1:low,,,,
2025-10-20T21:34:09.355084,tenantA,app1,20.0,40.0,0.0,0.35,0.8,0.5,256.0,120.0,edge1:med,,,,
2025-10-20T21:34:09.400755,tenantA,app1,20.0,40.0,0.0,0.35,0.8,0.5,256.0,120.0,edge1:med,,,,
2025-10-20T21:34:09.423238,tenantA,app1,20.0,40.0,0.0,0.35,0.8,0.5,256.0,120.0,edge1:med,,,,
2025-10-20T21:38:51.797018,tenantA,app1,20.0,40.0,0.0,0.35,0.8,0.5,256.0,120.0,edge1:med,,,,
2025-10-20T21:38:51.832436,tenantA,app1,20.0,40.0,0.0,0.35,0.8,0.5,256.0,120.0,edge1:med,,,,
2025-10-20T21:38:51.858357,tenantA,app1,20.0,40.0,0.0,0.35,0.8,0.5,256.0,120.0,edge1:med,,,,
2025-10-20T21:38:51.878988,tenantA,app1,20.0,40.0,0.0,0.35,0.8,0.5,256.0,120.0,edge1:med,,,,
2025-10-20T21:38:51.902518,tenantA,app1,20.0,40.0,0.0,0.35,0.8,0.5,256.0,120.0,edge1:med,,,,
2025-10-20T21:38:51.925833,tenantA,app1,20.0,40.0,0.0,0.35,0.8,0.5,256.0,120.0,edge1:med,,,,
2025-10-20T21:38:51.954767,tenantA,app1,20.0,40.0,0.0,0.35,0.8,0.5,256.0,120.0,edge1:med,,,,
2025-10-20T21:38:51.986747,tenantA,app1,20.0,40.0,0.0,0.35,0.8,0.5,256.0,120.0,edge1:med,,,,
2025-10-20T21:38:52.009344,tenantA,app1,20.0,40.0,0.0,0.35,0.8,0.5,256.0,120.0,edge1:med,,,,
2025-10-20T21:38:52.033357,tenantA,app1,20.0,40.0,0.0,0.35,0.8,0.5,256.0,120.0,local:med,,,,
2025-10-20T21:38:52.054063,tenantA,app1,20.0,40.0,0.0,0.35,0.8,0.5,256.0,120.0,edge1:med,,,,
2025-10-20T21:38:52.080390,tenantA,app1,20.0,40.0,0.0,0.35,0.8,0.5,256.0,120.0,edge1:med,,,,
2025-10-20T21:38:52.102244,tenantA,app1,20.0,40.0,0.0,0.35,0.8,0.5,256.0,120.0,edge1:med,,,,
2025-10-20T21:38:52.129075,tenantA,app1,20.0,40.0,0.0,0.35,0.8,0.5,256.0,120.0,edge1:med,,,,
2025-10-20T21:38:52.156555,tenantA,app1,20.0,40.0,0.0,0.35,0.8,0.5,256.0,120.0,edge1:med,,,,
2025-10-20T21:38:52.184470,tenantA,app1,20.0,40.0,0.0,0.35,0.8,0.5,256.0,120.0,edge1:med,,,,
2025-10-20T21:38:52.207682,tenantA,app1,20.0,40.0,0.0,0.35,0.8,0.5,256.0,120.0,edge1:med,,,,
2025-10-20T21:38:52.229001,tenantA,app1,20.0,40.0,0.0,0.35,0.8,0.5,256.0,120.0,edge1:med,,,,
2025-10-20T21:38:52.252311,tenantA,app1,20.0,40.0,0.0,0.35,0.8,0.5,256.0,120.0,edge1:med,,,,
2025-10-20T21:38:52.283845,tenantA,app1,20.0,40.0,0.0,0.35,0.8,0.5,256.0,120.0,edge1:med,,,,
2025-10-20T21:38:52.307396,tenantA,app1,20.0,40.0,0.0,0.35,0.8,0.5,256.0,120.0,edge1:med,,,,
2025-10-20T21:38:52.339167,tenantA,app1,20.0,40.0,0.0,0.35,0.8,0.5,256.0,120.0,edge1:med,,,,
2025-10-20T21:38:52.374005,tenantA,app1,20.0,40.0,0.0,0.35,0.8,0.5,256.0,120.0,edge1:med,,,,
2025-10-20T21:38:52.401416,tenantA,app1,20.0,40.0,0.0,0.35,0.8,0.5,256.0,120.0,edge1:med,,,,
2025-10-20T21:38:52.427666,tenantA,app1,20.0,40.0,0.0,0.35,0.8,0.5,256.0,120.0,edge1:med,,,,
2025-10-20T21:38:52.460647,tenantA,app1,20.0,40.0,0.0,0.35,0.8,0.5,256.0,120.0,edge1:med,,,,
2025-10-20T21:38:52.493935,tenantA,app1,20.0,40.0,0.0,0.35,0.8,0.5,256.0,120.0,edge1:med,,,,
2025-10-20T21:38:52.524268,tenantA,app1,20.0,40.0,0.0,0.35,0.8,0.5,256.0,120.0,edge1:med,,,,
2025-10-20T21:38:52.548323,tenantA,app1,20.0,40.0,0.0,0.35,0.8,0.5,256.0,120.0,edge1:med,,,,
2025-10-20T21:38:52.579161,tenantA,app1,20.0,40.0,0.0,0.35,0.8,0.5,256.0,120.0,edge1:med,,,,
2025-10-20T21:38:52.606058,tenantA,app1,20.0,40.0,0.0,0.35,0.8,0.5,256.0,120.0,edge1:med,,,,
2025-10-20T21:38:52.634071,tenantA,app1,20.0,40.0,0.0,0.35,0.8,0.5,256.0,120.0,edge1:med,,,,
2025-10-20T21:38:52.661695,tenantA,app1,20.0,40.0,0.0,0.35,0.8,0.5,256.0,120.0,edge1:med,,,,
2025-10-20T21:38:52.684393,tenantA,app1,20.0,40.0,0.0,0.35,0.8,0.5,256.0,120.0,edge1:med,,,,
2025-10-20T21:38:52.718351,tenantA,app1,20.0,40.0,0.0,0.35,0.8,0.5,256.0,120.0,edge1:med,,,,
2025-10-20T21:38:52.742866,tenantA,app1,20.0,40.0,0.0,0.35,0.8,0.5,256.0,120.0,edge1:med,,,,
2025-10-20T21:38:52.771361,tenantA,app1,20.0,40.0,0.0,0.35,0.8,0.5,256.0,120.0,edge1:med,,,,
2025-10-20T21:38:52.798259,tenantA,app1,20.0,40.0,0.0,0.35,0.8,0.5,256.0,120.0,edge1:med,,,,
2025-10-20T21:38:52.863594,tenantA,app1,20.0,40.0,0.0,0.35,0.8,0.5,256.0,120.0,edge1:med,,,,
2025-10-20T21:38:52.916879,tenantA,app1,20.0,40.0,0.0,0.35,0.8,0.5,256.0,120.0,edge1:med,,,,
2025-10-20T21:38:52.966124,tenantA,app1,20.0,40.0,0.0,0.35,0.8,0.5,256.0,120.0,edge1:med,,,,
2025-10-20T21:38:53.034298,tenantA,app1,20.0,40.0,0.0,0.35,0.8,0.5,256.0,120.0,edge1:med,,,,
2025-10-20T21:38:53.102522,tenantA,app1,20.0,40.0,0.0,0.35,0.8,0.5,256.0,120.0,edge1:med,,,,
2025-10-20T21:38:53.157047,tenantA,app1,20.0,40.0,0.0,0.35,0.8,0.5,256.0,120.0,edge1:med,,,,
2025-10-20T21:38:53.200240,tenantA,app1,20.0,40.0,0.0,0.35,0.8,0.5,256.0,120.0,edge1:med,,,,
2025-10-20T21:38:53.226230,tenantA,app1,20.0,40.0,0.0,0.35,0.8,0.5,256.0,120.0,edge1:med,,,,
2025-10-20T21:38:53.260884,tenantA,app1,20.0,40.0,0.0,0.35,0.8,0.5,256.0,120.0,edge1:med,,,,
2025-10-20T21:38:53.286985,tenantA,app1,20.0,40.0,0.0,0.35,0.8,0.5,256.0,120.0,edge1:med,,,,
2025-10-20T21:38:53.318045,tenantA,app1,20.0,40.0,0.0,0.35,0.8,0.5,256.0,120.0,edge1:med,,,,
2025-10-20T21:38:53.358368,tenantA,app1,20.0,40.0,0.0,0.35,0.8,0.5,256.0,120.0,edge1:med,,,,
2025-10-20T21:38:53.389377,tenantA,app1,20.0,40.0,0.0,0.35,0.8,0.5,256.0,120.0,edge1:med,,,,
2025-10-20T21:38:53.431278,tenantA,app1,20.0,40.0,0.0,0.35,0.8,0.5,256.0,120.0,edge1:med,,,,
2025-10-20T21:38:53.460275,tenantA,app1,20.0,40.0,0.0,0.35,0.8,0.5,256.0,120.0,edge1:med,,,,
2025-10-20T21:38:53.490335,tenantA,app1,20.0,40.0,0.0,0.35,0.8,0.5,256.0,120.0,edge1:med,,,,
2025-10-20T21:38:53.525378,tenantA,app1,20.0,40.0,0.0,0.35,0.8,0.5,256.0,120.0,edge1:med,,,,
2025-10-20T21:38:53.561435,tenantA,app1,20.0,40.0,0.0,0.35,0.8,0.5,256.0,120.0,edge1:med,,,,
2025-10-20T21:38:53.597522,tenantA,app1,20.0,40.0,0.0,0.35,0.8,0.5,256.0,120.0,edge1:med,,,,
2025-10-20T21:38:53.624162,tenantA,app1,20.0,40.0,0.0,0.35,0.8,0.5,256.0,120.0,edge1:med,,,,
2025-10-20T21:38:53.656641,tenantA,app1,20.0,40.0,0.0,0.35,0.8,0.5,256.0,120.0,edge1:med,,,,
2025-10-20T21:38:53.689853,tenantA,app1,20.0,40.0,0.0,0.35,0.8,0.5,256.0,120.0,edge1:med,,,,
2025-10-20T21:38:53.720884,tenantA,app1,20.0,40.0,0.0,0.35,0.8,0.5,256.0,120.0,edge1:med,,,,
2025-10-20T21:38:53.752158,tenantA,app1,20.0,40.0,0.0,0.35,0.8,0.5,256.0,120.0,edge1:med,,,,
2025-10-20T21:38:53.787906,tenantA,app1,20.0,40.0,0.0,0.35,0.8,0.5,256.0,120.0,edge1:med,,,,
2025-10-20T21:38:53.814760,tenantA,app1,20.0,40.0,0.0,0.35,0.8,0.5,256.0,120.0,edge1:med,,,,
2025-10-20T21:38:53.852488,tenantA,app1,20.0,40.0,0.0,0.35,0.8,0.5,256.0,120.0,edge1:med,,,,
2025-10-20T21:38:53.888303,tenantA,app1,20.0,40.0,0.0,0.35,0.8,0.5,256.0,120.0,edge1:med,,,,
2025-10-20T21:38:53.939960,tenantA,app1,20.0,40.0,0.0,0.35,0.8,0.5,256.0,120.0,edge1:med,,,,
2025-10-20T21:38:53.988812,tenantA,app1,20.0,40.0,0.0,0.35,0.8,0.5,256.0,120.0,edge1:med,,,,
2025-10-20T21:38:54.026412,tenantA,app1,20.0,40.0,0.0,0.35,0.8,0.5,256.0,120.0,edge1:med,,,,
2025-10-20T21:38:54.074698,tenantA,app1,20.0,40.0,0.0,0.35,0.8,0.5,256.0,120.0,edge1:med,,,,
2025-10-20T21:38:54.130890,tenantA,app1,20.0,40.0,0.0,0.35,0.8,0.5,256.0,120.0,edge1:med,,,,
2025-10-20T21:38:54.182050,tenantA,app1,20.0,40.0,0.0,0.35,0.8,0.5,256.0,120.0,edge1:med,,,,
2025-10-20T21:38:54.231116,tenantA,app1,20.0,40.0,0.0,0.35,0.8,0.5,256.0,120.0,edge1:med,,,,
2025-10-20T21:38:54.274724,tenantA,app1,20.0,40.0,0.0,0.35,0.8,0.5,256.0,120.0,edge1:med,,,,
2025-10-20T21:38:54.328137,tenantA,app1,20.0,40.0,0.0,0.35,0.8,0.5,256.0,120.0,edge1:med,,,,
2025-10-20T21:38:54.368225,tenantA,app1,20.0,40.0,0.0,0.35,0.8,0.5,256.0,120.0,edge1:med,,,,
2025-10-20T21:38:54.398944,tenantA,app1,20.0,40.0,0.0,0.35,0.8,0.5,256.0,120.0,edge1:med,,,,
2025-10-20T21:38:54.429733,tenantA,app1,20.0,40.0,0.0,0.35,0.8,0.5,256.0,120.0,edge1:med,,,,
2025-10-20T21:38:54.465693,tenantA,app1,20.0,40.0,0.0,0.35,0.8,0.5,256.0,120.0,edge1:med,,,,
2025-10-20T21:38:54.502040,tenantA,app1,20.0,40.0,0.0,0.35,0.8,0.5,256.0,120.0,edge1:med,,,,
2025-10-20T21:38:54.573545,tenantA,app1,20.0,40.0,0.0,0.35,0.8,0.5,256.0,120.0,edge1:med,,,,
2025-10-20T21:38:54.626187,tenantA,app1,20.0,40.0,0.0,0.35,0.8,0.5,256.0,120.0,edge1:med,,,,
2025-10-20T21:38:54.671850,tenantA,app1,20.0,40.0,0.0,0.35,0.8,0.5,256.0,120.0,edge1:med,,,,
2025-10-20T21:38:54.731864,tenantA,app1,20.0,40.0,0.0,0.35,0.8,0.5,256.0,120.0,edge1:med,,,,
2025-10-20T21:38:54.772155,tenantA,app1,20.0,40.0,0.0,0.35,0.8,0.5,256.0,120.0,edge1:med,,,,
2025-10-20T21:38:54.822405,tenantA,app1,20.0,40.0,0.0,0.35,0.8,0.5,256.0,120.0,edge1:med,,,,
2025-10-20T21:38:54.860700,tenantA,app1,20.0,40.0,0.0,0.35,0.8,0.5,256.0,120.0,edge1:med,,,,
2025-10-20T21:38:54.904636,tenantA,app1,20.0,40.0,0.0,0.35,0.8,0.5,256.0,120.0,edge1:med,,,,
2025-10-20T21:38:54.940860,tenantA,app1,20.0,40.0,0.0,0.35,0.8,0.5,256.0,120.0,edge1:med,,,,
2025-10-20T21:38:54.978838,tenantA,app1,20.0,40.0,0.0,0.35,0.8,0.5,256.0,120.0,edge1:med,,,,
2025-10-20T21:38:55.014678,tenantA,app1,20.0,40.0,0.0,0.35,0.8,0.5,256.0,120.0,edge1:med,,,,
2025-10-20T21:38:55.050131,tenantA,app1,20.0,40.0,0.0,0.35,0.8,0.5,256.0,120.0,edge1:med,,,,
2025-10-20T21:38:55.088304,tenantA,app1,20.0,40.0,0.0,0.35,0.8,0.5,256.0,120.0,edge1:med,,,,
2025-10-20T21:38:55.150078,tenantA,app1,20.0,40.0,0.0,0.35,0.8,0.5,256.0,120.0,edge1:med,,,,
2025-10-20T21:38:55.186511,tenantA,app1,20.0,40.0,0.0,0.35,0.8,0.5,256.0,120.0,edge1:med,,,,
2025-10-20T21:38:55.211956,tenantA,app1,20.0,40.0,0.0,0.35,0.8,0.5,256.0,120.0,edge1:med,,,,
2025-10-20T21:38:55.248706,tenantA,app1,20.0,40.0,0.0,0.35,0.8,0.5,256.0,120.0,edge1:med,,,,
2025-10-20T21:38:55.283399,tenantA,app1,20.0,40.0,0.0,0.35,0.8,0.5,256.0,120.0,edge1:med,,,,
2025-10-20T21:38:55.321804,tenantA,app1,20.0,40.0,0.0,0.35,0.8,0.5,256.0,120.0,edge1:med,,,,
2025-10-20T21:38:55.368162,tenantA,app1,20.0,40.0,0.0,0.35,0.8,0.5,256.0,120.0,edge1:med,,,,
2025-10-20T21:38:55.414080,tenantA,app1,20.0,40.0,0.0,0.35,0.8,0.5,256.0,120.0,edge1:med,,,,
2025-10-20T21:38:55.463007,tenantA,app1,20.0,40.0,0.0,0.35,0.8,0.5,256.0,120.0,edge1:med,,,,
2025-10-20T21:38:55.515201,tenantA,app1,20.0,40.0,0.0,0.35,0.8,0.5,256.0,120.0,edge1:med,,,,
2025-10-20T21:38:55.558493,tenantA,app1,20.0,40.0,0.0,0.35,0.8,0.5,256.0,120.0,edge1:med,,,,
2025-10-20T21:38:55.603861,tenantA,app1,20.0,40.0,0.0,0.35,0.8,0.5,256.0,120.0,edge1:med,,,,
2025-10-20T21:38:55.647115,tenantA,app1,20.0,40.0,0.0,0.35,0.8,0.5,256.0,120.0,edge1:med,,,,
2025-10-20T21:38:55.707251,tenantA,app1,20.0,40.0,0.0,0.35,0.8,0.5,256.0,120.0,edge1:med,,,,
2025-10-20T21:38:55.751606,tenantA,app1,20.0,40.0,0.0,0.35,0.8,0.5,256.0,120.0,edge1:med,,,,
2025-10-20T21:38:55.804359,tenantA,app1,20.0,40.0,0.0,0.35,0.8,0.5,256.0,120.0,edge1:med,,,,
2025-10-20T21:38:55.848570,tenantA,app1,20.0,40.0,0.0,0.35,0.8,0.5,256.0,120.0,edge1:med,,,,
2025-10-20T21:38:55.881929,tenantA,app1,20.0,40.0,0.0,0.35,0.8,0.5,256.0,120.0,edge1:med,,,,
2025-10-20T21:38:55.922325,tenantA,app1,20.0,40.0,0.0,0.35,0.8,0.5,256.0,120.0,edge1:med,,,,
2025-10-20T21:38:55.954410,tenantA,app1,20.0,40.0,0.0,0.35,0.8,0.5,256.0,120.0,edge1:med,,,,
2025-10-20T21:38:55.989869,tenantA,app1,20.0,40.0,0.0,0.35,0.8,0.5,256.0,120.0,edge1:med,,,,
2025-10-20T21:38:56.031801,tenantA,app1,20.0,40.0,0.0,0.35,0.8,0.5,256.0,120.0,edge1:med,,,,
2025-10-20T21:38:56.071274,tenantA,app1,20.0,40.0,0.0,0.35,0.8,0.5,256.0,120.0,edge1:med,,,,
2025-10-20T21:38:56.107873,tenantA,app1,20.0,40.0,0.0,0.35,0.8,0.5,256.0,120.0,edge1:med,,,,
2025-10-20T21:38:56.157384,tenantA,app1,20.0,40.0,0.0,0.35,0.8,0.5,256.0,120.0,edge1:med,,,,
2025-10-20T21:38:56.201982,tenantA,app1,20.0,40.0,0.0,0.35,0.8,0.5,256.0,120.0,edge1:med,,,,
2025-10-20T21:38:56.253705,tenantA,app1,20.0,40.0,0.0,0.35,0.8,0.5,256.0,120.0,edge1:med,,,,
2025-10-20T21:40:27.517537,tenantA,app1,20.0,40.0,0.0,0.35,0.8,0.5,256.0,120.0,edge1:med,,,,
2025-10-20T21:40:27.552206,tenantA,app1,20.0,40.0,0.0,0.35,0.8,0.5,256.0,120.0,edge1:med,,,,
2025-10-20T21:40:27.611264,tenantA,app1,20.0,40.0,0.0,0.35,0.8,0.5,256.0,120.0,edge1:med,,,,
2025-10-20T21:40:27.628535,tenantA,app1,20.0,40.0,0.0,0.35,0.8,0.5,256.0,120.0,edge1:med,,,,
2025-10-20T21:40:27.637689,tenantA,app1,20.0,40.0,0.0,0.35,0.8,0.5,256.0,120.0,edge1:med,,,,
2025-10-20T21:40:27.667332,tenantA,app1,20.0,40.0,0.0,0.35,0.8,0.5,256.0,120.0,edge1:med,,,,
2025-10-20T21:40:27.711266,tenantA,app1,20.0,40.0,0.0,0.35,0.8,0.5,256.0,120.0,edge1:med,,,,
2025-10-20T21:40:27.736913,tenantA,app1,20.0,40.0,0.0,0.35,0.8,0.5,256.0,120.0,edge1:low,,,,
2025-10-20T21:40:27.806778,tenantA,app1,20.0,40.0,0.0,0.35,0.8,0.5,256.0,120.0,edge1:low,,,,
2025-10-20T21:40:27.807553,tenantA,app1,20.0,40.0,0.0,0.35,0.8,0.5,256.0,120.0,edge1:low,,,,
2025-10-20T21:40:27.890573,tenantA,app1,20.0,40.0,0.0,0.35,0.8,0.5,256.0,120.0,edge1:low,,,,
2025-10-20T21:40:27.891277,tenantA,app1,20.0,40.0,0.0,0.35,0.8,0.5,256.0,120.0,edge1:low,,,,
2025-10-20T21:40:27.908878,tenantA,app1,20.0,40.0,0.0,0.35,0.8,0.5,256.0,120.0,edge1:low,,,,
2025-10-20T21:40:27.928408,tenantA,app1,20.0,40.0,0.0,0.35,0.8,0.5,256.0,120.0,edge1:med,,,,
2025-10-20T21:40:27.941192,tenantA,app1,20.0,40.0,0.0,0.35,0.8,0.5,256.0,120.0,edge1:low,,,,
2025-10-20T21:40:27.945806,tenantA,app1,20.0,40.0,0.0,0.35,0.8,0.5,256.0,120.0,edge1:low,,,,
2025-10-20T21:40:27.960586,tenantA,app1,20.0,40.0,0.0,0.35,0.8,0.5,256.0,120.0,edge1:low,,,,
2025-10-20T21:40:27.968734,tenantA,app1,20.0,40.0,0.0,0.35,0.8,0.5,256.0,120.0,edge1:low,,,,
2025-10-20T21:40:27.979317,tenantA,app1,20.0,40.0,0.0,0.35,0.8,0.5,256.0,120.0,edge1:low,,,,
2025-10-20T21:40:27.990966,tenantA,app1,20.0,40.0,0.0,0.35,0.8,0.5,256.0,120.0,edge1:med,,,,
2025-10-20T21:40:27.995137,tenantA,app1,20.0,40.0,0.0,0.35,0.8,0.5,256.0,120.0,local:med,,,,
2025-10-20T21:40:28.014886,tenantA,app1,20.0,40.0,0.0,0.35,0.8,0.5,256.0,120.0,edge1:med,,,,
2025-10-20T21:40:28.029645,tenantA,app1,20.0,40.0,0.0,0.35,0.8,0.5,256.0,120.0,local:med,,,,
2025-10-20T21:40:28.059025,tenantA,app1,20.0,40.0,0.0,0.35,0.8,0.5,256.0,120.0,local:med,,,,
2025-10-20T21:40:28.086226,tenantA,app1,20.0,40.0,0.0,0.35,0.8,0.5,256.0,120.0,local:med,,,,
2025-10-20T21:40:28.098279,tenantA,app1,20.0,40.0,0.0,0.35,0.8,0.5,256.0,120.0,local:med,,,,
2025-10-20T21:40:28.105111,tenantA,app1,20.0,40.0,0.0,0.35,0.8,0.5,256.0,120.0,local:med,,,,
2025-10-20T21:40:28.119908,tenantA,app1,20.0,40.0,0.0,0.35,0.8,0.5,256.0,120.0,edge1:med,,,,
2025-10-20T21:40:28.136045,tenantA,app1,20.0,40.0,0.0,0.35,0.8,0.5,256.0,120.0,edge1:med,,,,
2025-10-20T21:40:28.160754,tenantA,app1,20.0,40.0,0.0,0.35,0.8,0.5,256.0,120.0,local:med,,,,
2025-10-20T21:40:28.180647,tenantA,app1,20.0,40.0,0.0,0.35,0.8,0.5,256.0,120.0,local:med,,,,
2025-10-20T21:40:28.199839,tenantA,app1,20.0,40.0,0.0,0.35,0.8,0.5,256.0,120.0,local:med,,,,
2025-10-20T21:40:28.212154,tenantA,app1,20.0,40.0,0.0,0.35,0.8,0.5,256.0,120.0,local:med,,,,
2025-10-20T21:40:28.247475,tenantA,app1,20.0,40.0,0.0,0.35,0.8,0.5,256.0,120.0,local:med,,,,
2025-10-20T21:40:28.270336,tenantA,app1,20.0,40.0,0.0,0.35,0.8,0.5,256.0,120.0,local:med,,,,
2025-10-20T21:40:28.285682,tenantA,app1,20.0,40.0,0.0,0.35,0.8,0.5,256.0,120.0,local:med,,,,
2025-10-20T21:40:28.290389,tenantA,app1,20.0,40.0,0.0,0.35,0.8,0.5,256.0,120.0,edge1:low,,,,
2025-10-20T21:40:28.295033,tenantA,app1,20.0,40.0,0.0,0.35,0.8,0.5,256.0,120.0,local:med,,,,
2025-10-20T21:40:28.302616,tenantA,app1,20.0,40.0,0.0,0.35,0.8,0.5,256.0,120.0,edge1:low,,,,
2025-10-20T21:40:28.307687,tenantA,app1,20.0,40.0,0.0,0.35,0.8,0.5,256.0,120.0,edge1:low,,,,
2025-10-20T21:40:28.313162,tenantA,app1,20.0,40.0,0.0,0.35,0.8,0.5,256.0,120.0,local:med,,,,
2025-10-20T21:40:28.320747,tenantA,app1,20.0,40.0,0.0,0.35,0.8,0.5,256.0,120.0,local:med,,,,
2025-10-20T21:40:28.329678,tenantA,app1,20.0,40.0,0.0,0.35,0.8,0.5,256.0,120.0,local:med,,,,
2025-10-20T21:40:28.334288,tenantA,app1,20.0,40.0,0.0,0.35,0.8,0.5,256.0,120.0,local:med,,,,
2025-10-20T21:40:28.340828,tenantA,app1,20.0,40.0,0.0,0.35,0.8,0.5,256.0,120.0,local:med,,,,
2025-10-20T21:40:28.349798,tenantA,app1,20.0,40.0,0.0,0.35,0.8,0.5,256.0,120.0,local:med,,,,
2025-10-20T21:40:28.354703,tenantA,app1,20.0,40.0,0.0,0.35,0.8,0.5,256.0,120.0,local:med,,,,
2025-10-20T21:40:28.361957,tenantA,app1,20.0,40.0,0.0,0.35,0.8,0.5,256.0,120.0,local:med,,,,
2025-10-20T21:40:28.365628,tenantA,app1,20.0,40.0,0.0,0.35,0.8,0.5,256.0,120.0,local:med,,,,
2025-10-20T21:40:28.376397,tenantA,app1,20.0,40.0,0.0,0.35,0.8,0.5,256.0,120.0,local:med,,,,
2025-10-20T21:40:28.380783,tenantA,app1,20.0,40.0,0.0,0.35,0.8,0.5,256.0,120.0,local:med,,,,
2025-10-20T21:40:28.392043,tenantA,app1,20.0,40.0,0.0,0.35,0.8,0.5,256.0,120.0,local:med,,,,
2025-10-20T21:40:28.394979,tenantA,app1,20.0,40.0,0.0,0.35,0.8,0.5,256.0,120.0,local:med,,,,
2025-10-20T21:40:28.397369,tenantA,app1,20.0,40.0,0.0,0.35,0.8,0.5,256.0,120.0,local:med,,,,
2025-10-20T21:40:28.401313,tenantA,app1,20.0,40.0,0.0,0.35,0.8,0.5,256.0,120.0,local:med,,,,
2025-10-20T21:40:28.412381,tenantA,app1,20.0,40.0,0.0,0.35,0.8,0.5,256.0,120.0,local:med,,,,
2025-10-20T21:40:28.420307,tenantA,app1,20.0,40.0,0.0,0.35,0.8,0.5,256.0,120.0,local:med,,,,
2025-10-20T21:40:28.425792,tenantA,app1,20.0,40.0,0.0,0.35,0.8,0.5,256.0,120.0,local:med,,,,
2025-10-20T21:40:28.433581,tenantA,app1,20.0,40.0,0.0,0.35,0.8,0.5,256.0,120.0,local:med,,,,
2025-10-20T21:40:28.457258,tenantA,app1,20.0,40.0,0.0,0.35,0.8,0.5,256.0,120.0,local:med,,,,
2025-10-20T21:40:28.446297,tenantA,app1,20.0,40.0,0.0,0.35,0.8,0.5,256.0,120.0,local:med,,,,
2025-10-20T21:40:28.461571,tenantA,app1,20.0,40.0,0.0,0.35,0.8,0.5,256.0,120.0,local:med,,,,
2025-10-20T21:40:28.471795,tenantA,app1,20.0,40.0,0.0,0.35,0.8,0.5,256.0,120.0,local:med,,,,
2025-10-20T21:40:28.472479,tenantA,app1,20.0,40.0,0.0,0.35,0.8,0.5,256.0,120.0,local:med,,,,
2025-10-20T21:40:28.484009,tenantA,app1,20.0,40.0,0.0,0.35,0.8,0.5,256.0,120.0,local:med,,,,
2025-10-20T21:40:28.488395,tenantA,app1,20.0,40.0,0.0,0.35,0.8,0.5,256.0,120.0,local:med,,,,
2025-10-20T21:40:28.494449,tenantA,app1,20.0,40.0,0.0,0.35,0.8,0.5,256.0,120.0,local:med,,,,
2025-10-20T21:40:28.510901,tenantA,app1,20.0,40.0,0.0,0.35,0.8,0.5,256.0,120.0,local:med,,,,
2025-10-20T21:40:28.532936,tenantA,app1,20.0,40.0,0.0,0.35,0.8,0.5,256.0,120.0,local:med,,,,
2025-10-20T21:40:28.547291,tenantA,app1,20.0,40.0,0.0,0.35,0.8,0.5,256.0,120.0,local:med,,,,
2025-10-20T21:40:28.555301,tenantA,app1,20.0,40.0,0.0,0.35,0.8,0.5,256.0,120.0,local:med,,,,
2025-10-20T21:40:28.566685,tenantA,app1,20.0,40.0,0.0,0.35,0.8,0.5,256.0,120.0,local:med,,,,
2025-10-20T21:40:28.581392,tenantA,app1,20.0,40.0,0.0,0.35,0.8,0.5,256.0,120.0,local:med,,,,
2025-10-20T21:40:28.591515,tenantA,app1,20.0,40.0,0.0,0.35,0.8,0.5,256.0,120.0,local:med,,,,
2025-10-20T21:40:28.591966,tenantA,app1,20.0,40.0,0.0,0.35,0.8,0.5,256.0,120.0,local:med,,,,
2025-10-20T21:40:28.601686,tenantA,app1,20.0,40.0,0.0,0.35,0.8,0.5,256.0,120.0,local:med,,,,
2025-10-20T21:40:28.611308,tenantA,app1,20.0,40.0,0.0,0.35,0.8,0.5,256.0,120.0,local:med,,,,
2025-10-20T21:40:28.619298,tenantA,app1,20.0,40.0,0.0,0.35,0.8,0.5,256.0,120.0,local:med,,,,
2025-10-20T21:40:28.627059,tenantA,app1,20.0,40.0,0.0,0.35,0.8,0.5,256.0,120.0,local:med,,,,
2025-10-20T21:40:28.637875,tenantA,app1,20.0,40.0,0.0,0.35,0.8,0.5,256.0,120.0,local:med,,,,
2025-10-20T21:40:28.643375,tenantA,app1,20.0,40.0,0.0,0.35,0.8,0.5,256.0,120.0,local:med,,,,
2025-10-20T21:40:28.650513,tenantA,app1,20.0,40.0,0.0,0.35,0.8,0.5,256.0,120.0,local:med,,,,
2025-10-20T21:40:28.653921,tenantA,app1,20.0,40.0,0.0,0.35,0.8,0.5,256.0,120.0,local:med,,,,
2025-10-20T21:40:28.656780,tenantA,app1,20.0,40.0,0.0,0.35,0.8,0.5,256.0,120.0,local:med,,,,
2025-10-20T21:40:28.670488,tenantA,app1,20.0,40.0,0.0,0.35,0.8,0.5,256.0,120.0,local:med,,,,
2025-10-20T21:40:28.687166,tenantA,app1,20.0,40.0,0.0,0.35,0.8,0.5,256.0,120.0,local:med,,,,
2025-10-20T21:40:28.693901,tenantA,app1,20.0,40.0,0.0,0.35,0.8,0.5,256.0,120.0,local:med,,,,
2025-10-20T21:40:28.719342,tenantA,app1,20.0,40.0,0.0,0.35,0.8,0.5,256.0,120.0,local:med,,,,
2025-10-20T21:40:28.746773,tenantA,app1,20.0,40.0,0.0,0.35,0.8,0.5,256.0,120.0,local:med,,,,
2025-10-20T21:40:28.749301,tenantA,app1,20.0,40.0,0.0,0.35,0.8,0.5,256.0,120.0,local:med,,,,
2025-10-20T21:40:28.773561,tenantA,app1,20.0,40.0,0.0,0.35,0.8,0.5,256.0,120.0,local:med,,,,
2025-10-20T21:40:28.777868,tenantA,app1,20.0,40.0,0.0,0.35,0.8,0.5,256.0,120.0,local:med,,,,
2025-10-20T21:40:28.784427,tenantA,app1,20.0,40.0,0.0,0.35,0.8,0.5,256.0,120.0,local:med,,,,
2025-10-20T21:40:28.786881,tenantA,app1,20.0,40.0,0.0,0.35,0.8,0.5,256.0,120.0,local:med,,,,
2025-10-20T21:40:28.799108,tenantA,app1,20.0,40.0,0.0,0.35,0.8,0.5,256.0,120.0,local:med,,,,
2025-10-20T21:40:28.813717,tenantA,app1,20.0,40.0,0.0,0.35,0.8,0.5,256.0,120.0,local:med,,,,
2025-10-20T21:40:28.818021,tenantA,app1,20.0,40.0,0.0,0.35,0.8,0.5,256.0,120.0,local:med,,,,
2025-10-20T21:40:28.836306,tenantA,app1,20.0,40.0,0.0,0.35,0.8,0.5,256.0,120.0,local:med,,,,
2025-10-20T21:40:28.845619,tenantA,app1,20.0,40.0,0.0,0.35,0.8,0.5,256.0,120.0,local:med,,,,
2025-10-20T21:40:28.853390,tenantA,app1,20.0,40.0,0.0,0.35,0.8,0.5,256.0,120.0,local:med,,,,
2025-10-20T21:40:28.874558,tenantA,app1,20.0,40.0,0.0,0.35,0.8,0.5,256.0,120.0,local:med,,,,
2025-10-20T21:40:28.873850,tenantA,app1,20.0,40.0,0.0,0.35,0.8,0.5,256.0,120.0,local:med,,,,
2025-10-20T21:40:28.885032,tenantA,app1,20.0,40.0,0.0,0.35,0.8,0.5,256.0,120.0,local:med,,,,
2025-10-20T21:40:28.885924,tenantA,app1,20.0,40.0,0.0,0.35,0.8,0.5,256.0,120.0,local:med,,,,
2025-10-20T21:40:28.890085,tenantA,app1,20.0,40.0,0.0,0.35,0.8,0.5,256.0,120.0,local:med,,,,
2025-10-20T21:40:28.900646,tenantA,app1,20.0,40.0,0.0,0.35,0.8,0.5,256.0,120.0,local:med,,,,
2025-10-20T21:40:28.895850,tenantA,app1,20.0,40.0,0.0,0.35,0.8,0.5,256.0,120.0,local:med,,,,
2025-10-20T21:40:28.907668,tenantA,app1,20.0,40.0,0.0,0.35,0.8,0.5,256.0,120.0,local:med,,,,
2025-10-20T21:40:28.916562,tenantA,app1,20.0,40.0,0.0,0.35,0.8,0.5,256.0,120.0,local:med,,,,
2025-10-20T21:40:28.929504,tenantA,app1,20.0,40.0,0.0,0.35,0.8,0.5,256.0,120.0,local:med,,,,
2025-10-20T21:40:28.929838,tenantA,app1,20.0,40.0,0.0,0.35,0.8,0.5,256.0,120.0,local:med,,,,
2025-10-20T21:40:28.932152,tenantA,app1,20.0,40.0,0.0,0.35,0.8,0.5,256.0,120.0,local:med,,,,
2025-10-20T21:40:28.952795,tenantA,app1,20.0,40.0,0.0,0.35,0.8,0.5,256.0,120.0,local:med,,,,
2025-10-20T21:40:28.947398,tenantA,app1,20.0,40.0,0.0,0.35,0.8,0.5,256.0,120.0,local:med,,,,
2025-10-20T21:40:28.959840,tenantA,app1,20.0,40.0,0.0,0.35,0.8,0.5,256.0,120.0,local:med,,,,
2025-10-20T21:40:28.966548,tenantA,app1,20.0,40.0,0.0,0.35,0.8,0.5,256.0,120.0,local:med,,,,
2025-10-20T21:40:28.967155,tenantA,app1,20.0,40.0,0.0,0.35,0.8,0.5,256.0,120.0,local:med,,,,
2025-10-20T21:40:28.972839,tenantA,app1,20.0,40.0,0.0,0.35,0.8,0.5,256.0,120.0,local:med,,,,
2025-10-20T21:40:28.984784,tenantA,app1,20.0,40.0,0.0,0.35,0.8,0.5,256.0,120.0,local:med,,,,
2025-10-20T21:40:28.993612,tenantA,app1,20.0,40.0,0.0,0.35,0.8,0.5,256.0,120.0,local:med,,,,
2025-10-20T21:40:28.994168,tenantA,app1,20.0,40.0,0.0,0.35,0.8,0.5,256.0,120.0,local:med,,,,
2025-10-20T21:40:28.994462,tenantA,app1,20.0,40.0,0.0,0.35,0.8,0.5,256.0,120.0,local:med,,,,
2025-10-20T21:40:29.007838,tenantA,app1,20.0,40.0,0.0,0.35,0.8,0.5,256.0,120.0,local:med,,,,
2025-10-20T21:40:29.017766,tenantA,app1,20.0,40.0,0.0,0.35,0.8,0.5,256.0,120.0,local:med,,,,
2025-10-20T21:40:29.024175,tenantA,app1,20.0,40.0,0.0,0.35,0.8,0.5,256.0,120.0,local:med,,,,
2025-10-20T21:40:29.039077,tenantA,app1,20.0,40.0,0.0,0.35,0.8,0.5,256.0,120.0,local:med,,,,
2025-10-20T21:40:29.036001,tenantA,app1,20.0,40.0,0.0,0.35,0.8,0.5,256.0,120.0,local:med,,,,
2025-10-20T21:40:29.044503,tenantA,app1,20.0,40.0,0.0,0.35,0.8,0.5,256.0,120.0,local:med,,,,
2025-10-20T21:40:29.060577,tenantA,app1,20.0,40.0,0.0,0.35,0.8,0.5,256.0,120.0,local:med,,,,
2025-10-20T21:40:29.058069,tenantA,app1,20.0,40.0,0.0,0.35,0.8,0.5,256.0,120.0,local:med,,,,
2025-10-20T21:40:29.076639,tenantA,app1,20.0,40.0,0.0,0.35,0.8,0.5,256.0,120.0,local:med,,,,
2025-10-20T21:40:29.077061,tenantA,app1,20.0,40.0,0.0,0.35,0.8,0.5,256.0,120.0,local:med,,,,
2025-10-20T21:40:29.079463,tenantA,app1,20.0,40.0,0.0,0.35,0.8,0.5,256.0,120.0,local:med,,,,
2025-10-20T21:40:29.084518,tenantA,app1,20.0,40.0,0.0,0.35,0.8,0.5,256.0,120.0,local:med,,,,
2025-10-20T21:40:29.090467,tenantA,app1,20.0,40.0,0.0,0.35,0.8,0.5,256.0,120.0,local:med,,,,
2025-10-20T21:40:29.107389,tenantA,app1,20.0,40.0,0.0,0.35,0.8,0.5,256.0,120.0,local:med,,,,
2025-10-20T21:40:29.120436,tenantA,app1,20.0,40.0,0.0,0.35,0.8,0.5,256.0,120.0,local:med,,,,
2025-10-20T21:40:29.125710,tenantA,app1,20.0,40.0,0.0,0.35,0.8,0.5,256.0,120.0,local:med,,,,
2025-10-20T21:40:29.138222,tenantA,app1,20.0,40.0,0.0,0.35,0.8,0.5,256.0,120.0,local:med,,,,
2025-10-20T21:40:29.140970,tenantA,app1,20.0,40.0,0.0,0.35,0.8,0.5,256.0,120.0,local:med,,,,
2025-10-20T21:40:29.149941,tenantA,app1,20.0,40.0,0.0,0.35,0.8,0.5,256.0,120.0,local:med,,,,
2025-10-20T21:40:29.163802,tenantA,app1,20.0,40.0,0.0,0.35,0.8,0.5,256.0,120.0,local:med,,,,
2025-10-20T21:40:29.157596,tenantA,app1,20.0,40.0,0.0,0.35,0.8,0.5,256.0,120.0,local:med,,,,
2025-10-20T21:40:29.170143,tenantA,app1,20.0,40.0,0.0,0.35,0.8,0.5,256.0,120.0,local:med,,,,
2025-10-20T21:40:29.189094,tenantA,app1,20.0,40.0,0.0,0.35,0.8,0.5,256.0,120.0,local:med,,,,
2025-10-20T21:40:29.190265,tenantA,app1,20.0,40.0,0.0,0.35,0.8,0.5,256.0,120.0,local:med,,,,
2025-10-20T21:40:29.192604,tenantA,app1,20.0,40.0,0.0,0.35,0.8,0.5,256.0,120.0,local:med,,,,
2025-10-20T21:40:29.207933,tenantA,app1,20.0,40.0,0.0,0.35,0.8,0.5,256.0,120.0,local:med,,,,
2025-10-20T21:40:29.211999,tenantA,app1,20.0,40.0,0.0,0.35,0.8,0.5,256.0,120.0,local:med,,,,
2025-10-20T21:40:29.226702,tenantA,app1,20.0,40.0,0.0,0.35,0.8,0.5,256.0,120.0,local:med,,,,
2025-10-20T21:40:29.238644,tenantA,app1,20.0,40.0,0.0,0.35,0.8,0.5,256.0,120.0,local:med,,,,
2025-10-20T21:40:29.238919,tenantA,app1,20.0,40.0,0.0,0.35,0.8,0.5,256.0,120.0,local:med,,,,
2025-10-20T21:40:29.272300,tenantA,app1,20.0,40.0,0.0,0.35,0.8,0.5,256.0,120.0,local:med,,,,
2025-10-20T21:40:29.274445,tenantA,app1,20.0,40.0,0.0,0.35,0.8,0.5,256.0,120.0,local:med,,,,
2025-10-20T21:40:29.271991,tenantA,app1,20.0,40.0,0.0,0.35,0.8,0.5,256.0,120.0,local:med,,,,
2025-10-20T21:40:29.296789,tenantA,app1,20.0,40.0,0.0,0.35,0.8,0.5,256.0,120.0,local:med,,,,
2025-10-20T21:40:29.302022,tenantA,app1,20.0,40.0,0.0,0.35,0.8,0.5,256.0,120.0,local:med,,,,
2025-10-20T21:40:29.311119,tenantA,app1,20.0,40.0,0.0,0.35,0.8,0.5,256.0,120.0,local:med,,,,
2025-10-20T21:40:29.318879,tenantA,app1,20.0,40.0,0.0,0.35,0.8,0.5,256.0,120.0,local:med,,,,
2025-10-20T21:40:29.323113,tenantA,app1,20.0,40.0,0.0,0.35,0.8,0.5,256.0,120.0,local:med,,,,
2025-10-20T21:40:29.342920,tenantA,app1,20.0,40.0,0.0,0.35,0.8,0.5,256.0,120.0,local:med,,,,
2025-10-20T21:40:29.353208,tenantA,app1,20.0,40.0,0.0,0.35,0.8,0.5,256.0,120.0,local:med,,,,
2025-10-20T21:40:29.367692,tenantA,app1,20.0,40.0,0.0,0.35,0.8,0.5,256.0,120.0,local:med,,,,
2025-10-20T21:40:29.363168,tenantA,app1,20.0,40.0,0.0,0.35,0.8,0.5,256.0,120.0,local:med,,,,
2025-10-20T21:40:29.375154,tenantA,app1,20.0,40.0,0.0,0.35,0.8,0.5,256.0,120.0,local:med,,,,
2025-10-20T21:40:29.386028,tenantA,app1,20.0,40.0,0.0,0.35,0.8,0.5,256.0,120.0,local:med,,,,
2025-10-20T21:40:29.394685,tenantA,app1,20.0,40.0,0.0,0.35,0.8,0.5,256.0,120.0,local:med,,,,
2025-10-20T21:40:29.396251,tenantA,app1,20.0,40.0,0.0,0.35,0.8,0.5,256.0,120.0,local:med,,,,
2025-10-20T21:40:29.399525,tenantA,app1,20.0,40.0,0.0,0.35,0.8,0.5,256.0,120.0,local:med,,,,
2025-10-20T21:40:29.410558,tenantA,app1,20.0,40.0,0.0,0.35,0.8,0.5,256.0,120.0,local:med,,,,
2025-10-20T21:40:29.419389,tenantA,app1,20.0,40.0,0.0,0.35,0.8,0.5,256.0,120.0,local:med,,,,
2025-10-20T21:40:29.427337,tenantA,app1,20.0,40.0,0.0,0.35,0.8,0.5,256.0,120.0,local:med,,,,
2025-10-20T21:40:29.436073,tenantA,app1,20.0,40.0,0.0,0.35,0.8,0.5,256.0,120.0,local:med,,,,
2025-10-20T21:40:29.445845,tenantA,app1,20.0,40.0,0.0,0.35,0.8,0.5,256.0,120.0,local:med,,,,
2025-10-20T21:40:29.459145,tenantA,app1,20.0,40.0,0.0,0.35,0.8,0.5,256.0,120.0,local:med,,,,
2025-10-20T21:40:29.465893,tenantA,app1,20.0,40.0,0.0,0.35,0.8,0.5,256.0,120.0,local:med,,,,
2025-10-20T21:40:29.466936,tenantA,app1,20.0,40.0,0.0,0.35,0.8,0.5,256.0,120.0,local:med,,,,
2025-10-20T21:40:29.475979,tenantA,app1,20.0,40.0,0.0,0.35,0.8,0.5,256.0,120.0,local:med,,,,
2025-10-20T21:40:29.484055,tenantA,app1,20.0,40.0,0.0,0.35,0.8,0.5,256.0,120.0,local:med,,,,
2025-10-20T21:40:29.494125,tenantA,app1,20.0,40.0,0.0,0.35,0.8,0.5,256.0,120.0,local:med,,,,
2025-10-20T21:40:29.511479,tenantA,app1,20.0,40.0,0.0,0.35,0.8,0.5,256.0,120.0,local:med,,,,
2025-10-20T21:40:29.512296,tenantA,app1,20.0,40.0,0.0,0.35,0.8,0.5,256.0,120.0,local:med,,,,
2025-10-20T21:40:29.505935,tenantA,app1,20.0,40.0,0.0,0.35,0.8,0.5,256.0,120.0,local:med,,,,
2025-10-20T21:40:29.517546,tenantA,app1,20.0,40.0,0.0,0.35,0.8,0.5,256.0,120.0,local:med,,,,
2025-10-20T21:40:29.523242,tenantA,app1,20.0,40.0,0.0,0.35,0.8,0.5,256.0,120.0,local:med,,,,
2025-10-20T21:40:29.525858,tenantA,app1,20.0,40.0,0.0,0.35,0.8,0.5,256.0,120.0,local:med,,,,
2025-10-20T21:40:29.528138,tenantA,app1,20.0,40.0,0.0,0.35,0.8,0.5,256.0,120.0,local:med,,,,
2025-10-20T21:40:29.530582,tenantA,app1,20.0,40.0,0.0,0.35,0.8,0.5,256.0,120.0,local:med,,,,
2025-10-20T21:40:29.532718,tenantA,app1,20.0,40.0,0.0,0.35,0.8,0.5,256.0,120.0,local:med,,,,
2025-10-20T21:40:29.535579,tenantA,app1,20.0,40.0,0.0,0.35,0.8,0.5,256.0,120.0,local:med,,,,
2025-10-20T21:40:29.539567,tenantA,app1,20.0,40.0,0.0,0.35,0.8,0.5,256.0,120.0,local:med,,,,
2025-10-20T21:40:29.541407,tenantA,app1,20.0,40.0,0.0,0.35,0.8,0.5,256.0,120.0,local:med,,,,
2025-10-20T21:40:29.542902,tenantA,app1,20.0,40.0,0.0,0.35,0.8,0.5,256.0,120.0,local:med,,,,
2025-10-20T21:40:29.544837,tenantA,app1,20.0,40.0,0.0,0.35,0.8,0.5,256.0,120.0,local:med,,,,
2025-10-20T21:40:29.546294,tenantA,app1,20.0,40.0,0.0,0.35,0.8,0.5,256.0,120.0,local:med,,,,
2025-10-20T21:40:29.548844,tenantA,app1,20.0,40.0,0.0,0.35,0.8,0.5,256.0,120.0,local:med,,,,
2025-10-20T21:40:29.547474,tenantA,app1,20.0,40.0,0.0,0.35,0.8,0.5,256.0,120.0,local:med,,,,
2025-10-20T21:40:29.553291,tenantA,app1,20.0,40.0,0.0,0.35,0.8,0.5,256.0,120.0,local:med,,,,
2025-10-20T21:40:29.553188,tenantA,app1,20.0,40.0,0.0,0.35,0.8,0.5,256.0,120.0,local:med,,,,
2025-10-20T21:40:29.556081,tenantA,app1,20.0,40.0,0.0,0.35,0.8,0.5,256.0,120.0,local:med,,,,
2025-10-20T21:40:29.559434,tenantA,app1,20.0,40.0,0.0,0.35,0.8,0.5,256.0,120.0,local:med,,,,
2025-10-20T21:40:29.561359,tenantA,app1,20.0,40.0,0.0,0.35,0.8,0.5,256.0,120.0,local:med,,,,
2025-10-20T21:40:29.562720,tenantA,app1,20.0,40.0,0.0,0.35,0.8,0.5,256.0,120.0,local:med,,,,
2025-10-20T21:40:29.563792,tenantA,app1,20.0,40.0,0.0,0.35,0.8,0.5,256.0,120.0,local:med,,,,
2025-10-20T21:40:29.567109,tenantA,app1,20.0,40.0,0.0,0.35,0.8,0.5,256.0,120.0,local:med,,,,
2025-10-20T21:40:29.565704,tenantA,app1,20.0,40.0,0.0,0.35,0.8,0.5,256.0,120.0,local:med,,,,
2025-10-20T21:40:29.571037,tenantA,app1,20.0,40.0,0.0,0.35,0.8,0.5,256.0,120.0,local:med,,,,
2025-10-20T21:40:29.569391,tenantA,app1,20.0,40.0,0.0,0.35,0.8,0.5,256.0,120.0,local:med,,,,
2025-10-20T21:40:29.573558,tenantA,app1,20.0,40.0,0.0,0.35,0.8,0.5,256.0,120.0,local:med,,,,
2025-10-20T21:40:29.575018,tenantA,app1,20.0,40.0,0.0,0.35,0.8,0.5,256.0,120.0,local:med,,,,
2025-10-20T21:40:29.577445,tenantA,app1,20.0,40.0,0.0,0.35,0.8,0.5,256.0,120.0,local:med,,,,
2025-10-20T21:40:29.579176,tenantA,app1,20.0,40.0,0.0,0.35,0.8,0.5,256.0,120.0,local:med,,,,
2025-10-20T21:40:29.583685,tenantA,app1,20.0,40.0,0.0,0.35,0.8,0.5,256.0,120.0,local:med,,,,
2025-10-20T21:40:29.585712,tenantA,app1,20.0,40.0,0.0,0.35,0.8,0.5,256.0,120.0,local:med,,,,
2025-10-20T21:40:29.588255,tenantA,app1,20.0,40.0,0.0,0.35,0.8,0.5,256.0,120.0,local:med,,,,
2025-10-20T21:40:29.592768,tenantA,app1,20.0,40.0,0.0,0.35,0.8,0.5,256.0,120.0,local:med,,,,
2025-10-20T21:40:29.592491,tenantA,app1,20.0,40.0,0.0,0.35,0.8,0.5,256.0,120.0,local:med,,,,
2025-10-20T21:40:29.594479,tenantA,app1,20.0,40.0,0.0,0.35,0.8,0.5,256.0,120.0,local:med,,,,
2025-10-20T21:40:29.596027,tenantA,app1,20.0,40.0,0.0,0.35,0.8,0.5,256.0,120.0,local:med,,,,
2025-10-20T21:40:29.600695,tenantA,app1,20.0,40.0,0.0,0.35,0.8,0.5,256.0,120.0,local:med,,,,
2025-10-22T18:26:15.006661,tenantA,app1,20.0,40.0,0.0,0.35,0.8,0.5,256.0,120.0,local:med,,,,
2025-10-22T18:26:15.012309,tenantA,app1,20.0,40.0,0.0,0.35,0.8,0.5,256.0,120.0,local:med,,,,
2025-10-22T18:26:15.015670,tenantA,app1,20.0,40.0,0.0,0.35,0.8,0.5,256.0,120.0,local:med,,,,
2025-10-22T18:26:15.024880,tenantA,app1,20.0,40.0,0.0,0.35,0.8,0.5,256.0,120.0,edge1:med,,,,
2025-10-22T18:26:15.031982,tenantA,app1,20.0,40.0,0.0,0.35,0.8,0.5,256.0,120.0,edge1:low,,,,
2025-10-22T18:26:15.034373,tenantA,app1,20.0,40.0,0.0,0.35,0.8,0.5,256.0,120.0,local:med,,,,
2025-10-22T18:26:15.038639,tenantA,app1,20.0,40.0,0.0,0.35,0.8,0.5,256.0,120.0,local:med,,,,
2025-10-22T18:26:15.040618,tenantA,app1,20.0,40.0,0.0,0.35,0.8,0.5,256.0,120.0,edge1:low,,,,
2025-10-22T18:26:15.059783,tenantA,app1,20.0,40.0,0.0,0.35,0.8,0.5,256.0,120.0,local:med,,,,
2025-10-22T18:26:15.069665,tenantA,app1,20.0,40.0,0.0,0.35,0.8,0.5,256.0,120.0,cloud1:low,,,,
2025-10-22T18:26:15.085879,tenantA,app1,20.0,40.0,0.0,0.35,0.8,0.5,256.0,120.0,cloud1:low,,,,
2025-10-22T18:26:15.091305,tenantA,app1,20.0,40.0,0.0,0.35,0.8,0.5,256.0,120.0,local:med,,,,
2025-10-22T18:26:15.097849,tenantA,app1,20.0,40.0,0.0,0.35,0.8,0.5,256.0,120.0,local:med,,,,
2025-10-22T18:26:15.101003,tenantA,app1,20.0,40.0,0.0,0.35,0.8,0.5,256.0,120.0,cloud1:low,,,,
2025-10-22T18:26:15.110387,tenantA,app1,20.0,40.0,0.0,0.35,0.8,0.5,256.0,120.0,cloud1:low,,,,
2025-10-22T18:26:15.122420,tenantA,app1,20.0,40.0,0.0,0.35,0.8,0.5,256.0,120.0,cloud1:low,,,,
2025-10-22T18:26:15.123068,tenantA,app1,20.0,40.0,0.0,0.35,0.8,0.5,256.0,120.0,edge1:low,,,,
2025-10-22T18:26:15.228150,tenantA,app1,20.0,40.0,0.0,0.35,0.8,0.5,256.0,120.0,local:med,,,,
2025-10-22T18:26:15.241998,tenantA,app1,20.0,40.0,0.0,0.35,0.8,0.5,256.0,120.0,local:med,,,,
2025-10-22T18:26:15.258827,tenantA,app1,20.0,40.0,0.0,0.35,0.8,0.5,256.0,120.0,local:med,,,,
2025-10-22T18:26:15.269940,tenantA,app1,20.0,40.0,0.0,0.35,0.8,0.5,256.0,120.0,local:med,,,,
2025-10-22T18:26:15.294163,tenantA,app1,20.0,40.0,0.0,0.35,0.8,0.5,256.0,120.0,cloud1:low,,,,
2025-10-22T18:26:15.295594,tenantA,app1,20.0,40.0,0.0,0.35,0.8,0.5,256.0,120.0,cloud1:low,,,,
2025-10-22T18:26:15.307003,tenantA,app1,20.0,40.0,0.0,0.35,0.8,0.5,256.0,120.0,cloud1:low,,,,
2025-10-22T18:26:15.328020,tenantA,app1,20.0,40.0,0.0,0.35,0.8,0.5,256.0,120.0,edge1:low,,,,
2025-10-22T18:26:15.341223,tenantA,app1,20.0,40.0,0.0,0.35,0.8,0.5,256.0,120.0,local:med,,,,
2025-10-22T18:26:15.346008,tenantA,app1,20.0,40.0,0.0,0.35,0.8,0.5,256.0,120.0,cloud1:low,,,,
2025-10-22T18:26:15.373181,tenantA,app1,20.0,40.0,0.0,0.35,0.8,0.5,256.0,120.0,local:med,,,,
2025-10-22T18:26:15.386498,tenantA,app1,20.0,40.0,0.0,0.35,0.8,0.5,256.0,120.0,cloud1:low,,,,
2025-10-22T18:26:15.401237,tenantA,app1,20.0,40.0,0.0,0.35,0.8,0.5,256.0,120.0,cloud1:low,,,,
2025-10-22T18:26:15.407475,tenantA,app1,20.0,40.0,0.0,0.35,0.8,0.5,256.0,120.0,edge1:low,,,,
2025-10-22T18:26:15.447333,tenantA,app1,20.0,40.0,0.0,0.35,0.8,0.5,256.0,120.0,cloud1:low,,,,
2025-10-22T18:26:15.459617,tenantA,app1,20.0,40.0,0.0,0.35,0.8,0.5,256.0,120.0,edge1:med,,,,
2025-10-22T18:26:15.462754,tenantA,app1,20.0,40.0,0.0,0.35,0.8,0.5,256.0,120.0,local:med,,,,
2025-10-22T18:26:15.475801,tenantA,app1,20.0,40.0,0.0,0.35,0.8,0.5,256.0,120.0,local:med,,,,
2025-10-22T18:26:15.485589,tenantA,app1,20.0,40.0,0.0,0.35,0.8,0.5,256.0,120.0,local:med,,,,
2025-10-22T18:26:15.497381,tenantA,app1,20.0,40.0,0.0,0.35,0.8,0.5,256.0,120.0,edge1:low,,,,
2025-10-22T18:26:15.503573,tenantA,app1,20.0,40.0,0.0,0.35,0.8,0.5,256.0,120.0,local:med,,,,
2025-10-22T18:26:15.515391,tenantA,app1,20.0,40.0,0.0,0.35,0.8,0.5,256.0,120.0,edge1:low,,,,
2025-10-22T18:26:15.522892,tenantA,app1,20.0,40.0,0.0,0.35,0.8,0.5,256.0,120.0,edge1:low,,,,
2025-10-22T18:26:15.537315,tenantA,app1,20.0,40.0,0.0,0.35,0.8,0.5,256.0,120.0,local:med,,,,
2025-10-22T18:26:15.538201,tenantA,app1,20.0,40.0,0.0,0.35,0.8,0.5,256.0,120.0,cloud1:low,,,,
2025-10-22T18:26:15.560852,tenantA,app1,20.0,40.0,0.0,0.35,0.8,0.5,256.0,120.0,cloud1:low,,,,
2025-10-22T18:26:15.566742,tenantA,app1,20.0,40.0,0.0,0.35,0.8,0.5,256.0,120.0,local:med,,,,
2025-10-22T18:26:15.574475,tenantA,app1,20.0,40.0,0.0,0.35,0.8,0.5,256.0,120.0,cloud1:low,,,,
2025-10-22T18:26:15.584861,tenantA,app1,20.0,40.0,0.0,0.35,0.8,0.5,256.0,120.0,edge1:low,,,,
2025-10-22T18:26:15.603893,tenantA,app1,20.0,40.0,0.0,0.35,0.8,0.5,256.0,120.0,local:med,,,,
2025-10-22T18:26:15.607778,tenantA,app1,20.0,40.0,0.0,0.35,0.8,0.5,256.0,120.0,local:med,,,,
2025-10-22T18:26:15.617932,tenantA,app1,20.0,40.0,0.0,0.35,0.8,0.5,256.0,120.0,local:med,,,,
2025-10-22T18:26:15.636192,tenantA,app1,20.0,40.0,0.0,0.35,0.8,0.5,256.0,120.0,edge1:low,,,,
2025-10-22T18:26:15.640005,tenantA,app1,20.0,40.0,0.0,0.35,0.8,0.5,256.0,120.0,cloud1:low,,,,
2025-10-22T18:26:15.649902,tenantA,app1,20.0,40.0,0.0,0.35,0.8,0.5,256.0,120.0,cloud1:low,,,,
2025-10-22T18:26:15.663849,tenantA,app1,20.0,40.0,0.0,0.35,0.8,0.5,256.0,120.0,local:med,,,,
2025-10-22T18:26:15.671626,tenantA,app1,20.0,40.0,0.0,0.35,0.8,0.5,256.0,120.0,edge1:low,,,,
2025-10-22T18:26:15.688434,tenantA,app1,20.0,40.0,0.0,0.35,0.8,0.5,256.0,120.0,cloud1:low,,,,
2025-10-22T18:26:15.697692,tenantA,app1,20.0,40.0,0.0,0.35,0.8,0.5,256.0,120.0,local:med,,,,
2025-10-22T18:26:15.721807,tenantA,app1,20.0,40.0,0.0,0.35,0.8,0.5,256.0,120.0,cloud1:low,,,,
2025-10-22T18:26:15.716040,tenantA,app1,20.0,40.0,0.0,0.35,0.8,0.5,256.0,120.0,local:med,,,,
2025-10-22T18:26:15.722823,tenantA,app1,20.0,40.0,0.0,0.35,0.8,0.5,256.0,120.0,cloud1:low,,,,
2025-10-22T18:26:15.740524,tenantA,app1,20.0,40.0,0.0,0.35,0.8,0.5,256.0,120.0,cloud1:low,,,,
2025-10-22T18:26:15.748408,tenantA,app1,20.0,40.0,0.0,0.35,0.8,0.5,256.0,120.0,cloud1:low,,,,
2025-10-22T18:26:15.742061,tenantA,app1,20.0,40.0,0.0,0.35,0.8,0.5,256.0,120.0,cloud1:low,,,,
2025-10-22T18:26:15.757998,tenantA,app1,20.0,40.0,0.0,0.35,0.8,0.5,256.0,120.0,cloud1:low,,,,
2025-10-22T18:26:15.763657,tenantA,app1,20.0,40.0,0.0,0.35,0.8,0.5,256.0,120.0,local:med,,,,
2025-10-22T18:26:15.771270,tenantA,app1,20.0,40.0,0.0,0.35,0.8,0.5,256.0,120.0,cloud1:low,,,,
2025-10-22T18:26:15.773356,tenantA,app1,20.0,40.0,0.0,0.35,0.8,0.5,256.0,120.0,cloud1:low,,,,
2025-10-22T18:26:15.781640,tenantA,app1,20.0,40.0,0.0,0.35,0.8,0.5,256.0,120.0,local:med,,,,
2025-10-22T18:26:15.790050,tenantA,app1,20.0,40.0,0.0,0.35,0.8,0.5,256.0,120.0,local:med,,,,
2025-10-22T18:26:15.789865,tenantA,app1,20.0,40.0,0.0,0.35,0.8,0.5,256.0,120.0,local:med,,,,
2025-10-22T18:26:15.793031,tenantA,app1,20.0,40.0,0.0,0.35,0.8,0.5,256.0,120.0,local:med,,,,
2025-10-22T18:26:15.794420,tenantA,app1,20.0,40.0,0.0,0.35,0.8,0.5,256.0,120.0,cloud1:low,,,,
2025-10-22T18:26:15.798784,tenantA,app1,20.0,40.0,0.0,0.35,0.8,0.5,256.0,120.0,local:med,,,,
2025-10-22T18:26:15.803145,tenantA,app1,20.0,40.0,0.0,0.35,0.8,0.5,256.0,120.0,local:med,,,,
2025-10-22T18:26:15.805152,tenantA,app1,20.0,40.0,0.0,0.35,0.8,0.5,256.0,120.0,cloud1:low,,,,
2025-10-22T18:26:15.808054,tenantA,app1,20.0,40.0,0.0,0.35,0.8,0.5,256.0,120.0,edge1:med,,,,
2025-10-22T18:26:15.811403,tenantA,app1,20.0,40.0,0.0,0.35,0.8,0.5,256.0,120.0,edge1:low,,,,
2025-10-22T18:26:15.815672,tenantA,app1,20.0,40.0,0.0,0.35,0.8,0.5,256.0,120.0,cloud1:low,,,,
2025-10-22T18:26:15.818164,tenantA,app1,20.0,40.0,0.0,0.35,0.8,0.5,256.0,120.0,cloud1:low,,,,
2025-10-22T18:26:15.820145,tenantA,app1,20.0,40.0,0.0,0.35,0.8,0.5,256.0,120.0,local:med,,,,
2025-10-22T18:26:15.821208,tenantA,app1,20.0,40.0,0.0,0.35,0.8,0.5,256.0,120.0,local:med,,,,
2025-10-22T18:26:15.822575,tenantA,app1,20.0,40.0,0.0,0.35,0.8,0.5,256.0,120.0,edge1:low,,,,
2025-10-22T18:26:15.823702,tenantA,app1,20.0,40.0,0.0,0.35,0.8,0.5,256.0,120.0,cloud1:low,,,,
2025-10-22T18:26:15.824763,tenantA,app1,20.0,40.0,0.0,0.35,0.8,0.5,256.0,120.0,cloud1:low,,,,
2025-10-22T18:26:15.825860,tenantA,app1,20.0,40.0,0.0,0.35,0.8,0.5,256.0,120.0,local:med,,,,
2025-10-22T18:26:15.827216,tenantA,app1,20.0,40.0,0.0,0.35,0.8,0.5,256.0,120.0,cloud1:low,,,,
2025-10-22T18:26:15.828596,tenantA,app1,20.0,40.0,0.0,0.35,0.8,0.5,256.0,120.0,local:med,,,,
2025-10-22T18:26:15.829366,tenantA,app1,20.0,40.0,0.0,0.35,0.8,0.5,256.0,120.0,local:med,,,,
2025-10-22T18:26:15.831032,tenantA,app1,20.0,40.0,0.0,0.35,0.8,0.5,256.0,120.0,cloud1:low,,,,
2025-10-22T18:26:15.833032,tenantA,app1,20.0,40.0,0.0,0.35,0.8,0.5,256.0,120.0,cloud1:low,,,,
2025-10-22T18:26:15.833869,tenantA,app1,20.0,40.0,0.0,0.35,0.8,0.5,256.0,120.0,local:med,,,,
2025-10-22T18:26:15.836365,tenantA,app1,20.0,40.0,0.0,0.35,0.8,0.5,256.0,120.0,local:med,,,,
2025-10-22T18:26:15.835369,tenantA,app1,20.0,40.0,0.0,0.35,0.8,0.5,256.0,120.0,local:med,,,,
2025-10-22T18:26:15.837155,tenantA,app1,20.0,40.0,0.0,0.35,0.8,0.5,256.0,120.0,cloud1:low,,,,
2025-10-22T18:26:15.839082,tenantA,app1,20.0,40.0,0.0,0.35,0.8,0.5,256.0,120.0,cloud1:low,,,,
2025-10-22T18:26:15.842381,tenantA,app1,20.0,40.0,0.0,0.35,0.8,0.5,256.0,120.0,cloud1:low,,,,
2025-10-22T18:26:15.843580,tenantA,app1,20.0,40.0,0.0,0.35,0.8,0.5,256.0,120.0,cloud1:low,,,,
2025-10-22T18:26:15.845534,tenantA,app1,20.0,40.0,0.0,0.35,0.8,0.5,256.0,120.0,local:med,,,,
2025-10-22T18:26:15.848519,tenantA,app1,20.0,40.0,0.0,0.35,0.8,0.5,256.0,120.0,edge1:low,,,,
2025-10-22T18:26:15.852003,tenantA,app1,20.0,40.0,0.0,0.35,0.8,0.5,256.0,120.0,cloud1:low,,,,
2025-10-22T18:26:15.853247,tenantA,app1,20.0,40.0,0.0,0.35,0.8,0.5,256.0,120.0,cloud1:low,,,,
2025-10-22T18:26:15.855835,tenantA,app1,20.0,40.0,0.0,0.35,0.8,0.5,256.0,120.0,cloud1:low,,,,
2025-10-22T18:26:15.857874,tenantA,app1,20.0,40.0,0.0,0.35,0.8,0.5,256.0,120.0,cloud1:low,,,,
2025-10-22T18:26:15.859690,tenantA,app1,20.0,40.0,0.0,0.35,0.8,0.5,256.0,120.0,local:med,,,,
2025-10-22T18:26:15.862559,tenantA,app1,20.0,40.0,0.0,0.35,0.8,0.5,256.0,120.0,cloud1:low,,,,
2025-10-22T18:26:15.865137,tenantA,app1,20.0,40.0,0.0,0.35,0.8,0.5,256.0,120.0,cloud1:low,,,,
2025-10-22T18:26:15.867047,tenantA,app1,20.0,40.0,0.0,0.35,0.8,0.5,256.0,120.0,cloud1:low,,,,
2025-10-22T18:26:15.871702,tenantA,app1,20.0,40.0,0.0,0.35,0.8,0.5,256.0,120.0,local:med,,,,
2025-10-22T18:26:15.874018,tenantA,app1,20.0,40.0,0.0,0.35,0.8,0.5,256.0,120.0,local:med,,,,
2025-10-22T18:26:15.875762,tenantA,app1,20.0,40.0,0.0,0.35,0.8,0.5,256.0,120.0,edge1:med,,,,
2025-10-22T18:26:15.879386,tenantA,app1,20.0,40.0,0.0,0.35,0.8,0.5,256.0,120.0,local:med,,,,
2025-10-22T18:26:15.882931,tenantA,app1,20.0,40.0,0.0,0.35,0.8,0.5,256.0,120.0,local:med,,,,
2025-10-22T18:26:15.884572,tenantA,app1,20.0,40.0,0.0,0.35,0.8,0.5,256.0,120.0,local:med,,,,
2025-10-22T18:26:15.887652,tenantA,app1,20.0,40.0,0.0,0.35,0.8,0.5,256.0,120.0,local:med,,,,
2025-10-22T18:26:15.893668,tenantA,app1,20.0,40.0,0.0,0.35,0.8,0.5,256.0,120.0,local:med,,,,
2025-10-22T18:26:15.892899,tenantA,app1,20.0,40.0,0.0,0.35,0.8,0.5,256.0,120.0,cloud1:low,,,,
2025-10-22T18:26:15.894864,tenantA,app1,20.0,40.0,0.0,0.35,0.8,0.5,256.0,120.0,cloud1:low,,,,
2025-10-22T18:26:15.898179,tenantA,app1,20.0,40.0,0.0,0.35,0.8,0.5,256.0,120.0,cloud1:low,,,,
2025-10-22T18:26:15.901955,tenantA,app1,20.0,40.0,0.0,0.35,0.8,0.5,256.0,120.0,cloud1:low,,,,
2025-10-22T18:26:15.899384,tenantA,app1,20.0,40.0,0.0,0.35,0.8,0.5,256.0,120.0,cloud1:low,,,,
2025-10-22T18:26:15.901059,tenantA,app1,20.0,40.0,0.0,0.35,0.8,0.5,256.0,120.0,cloud1:low,,,,
2025-10-22T18:36:04.113210,tenantA,app1,20.0,40.0,0.0,0.35,0.8,0.5,256.0,120.0,edge1:med,,,,
2025-10-22T18:36:04.143801,tenantA,app1,20.0,40.0,0.0,0.35,0.8,0.5,256.0,120.0,edge1:med,,,,
2025-10-22T18:36:04.173195,tenantA,app1,20.0,40.0,0.0,0.35,0.8,0.5,256.0,120.0,edge1:med,,,,
2025-10-22T18:36:04.204154,tenantA,app1,20.0,40.0,0.0,0.35,0.8,0.5,256.0,120.0,edge1:med,,,,
2025-10-22T18:36:04.229906,tenantA,app1,20.0,40.0,0.0,0.35,0.8,0.5,256.0,120.0,edge1:med,,,,
2025-10-22T18:36:04.253701,tenantA,app1,20.0,40.0,0.0,0.35,0.8,0.5,256.0,120.0,edge1:med,,,,
